indonesian	russian	category	difficulty	part_of_speech	english_gloss
kebahagiaan	褋褔邪褋褌褜械	phrases	1	other	happiness
bahagia	褋褔邪褋褌谢懈胁邪	adjectives	1	adj	happy
surga	薪械斜械褋邪褏	phrases	1	other	heaven
tertawa	褋屑械褟褌褜褋褟	verbs	1	verb	laugh
sukses	褍褋锌械褏	phrases	1	other	success
ceria	褍褉邪	phrases	1	other	cheers
cinta	谢褞斜谢褞	phrases	1	other	love
keberhasilan	褍褋锌械褏	phrases	1	other	success
tuhan	斜芯谐芯屑	phrases	1	other	God
menikah	卸械薪懈谢褋褟	verbs	1	verb	married
kesuksesan	褍褋锌械褏	phrases	1	other	success
hebat	芯褌谢懈褔薪邪褟	phrases	1	other	great
berhasil	褍写邪褋褌褋褟	verbs	1	verb	succeed
berlibur	泻邪薪懈泻褍谢褘	verbs	1	verb	vacation
allah	斜芯谐芯屑	phrases	1	other	God
menang	锌芯斜械写懈褌褜	verbs	1	verb	win
ketawa	褋屑械褏	phrases	1	other	laughter
menyenangkan	锌芯卸邪谢褍泄褋褌邪	greetings	1	phrase	please
dicintai	谢褞斜懈谢	verbs	1	verb	loved
kemenangan	锌芯斜械写邪	phrases	1	other	victory
senang	褋褔邪褋褌谢懈胁邪	adjectives	1	adj	happy
perdamaian	屑懈褉薪芯谐芯	phrases	1	other	peace
ngakak	谢芯谢	phrases	1	other	lol
hadiah	锌芯写邪褉芯泻	phrases	1	other	gift
mencintai	谢褞斜谢褞	verbs	1	verb	love
bertunangan	蟹邪薪懈屑邪械褌褋褟	verbs	1	verb	engaged
kebahagian	褋褔邪褋褌褜械	phrases	1	other	happiness
terindah	锌褉械泻褉邪褋薪褘泄	adjectives	1	adj	beautiful
tersenyum	褍谢褘斜泻邪	verbs	1	verb	smile
cantik	锌褉械泻褉邪褋薪褘泄	adjectives	1	adj	beautiful
mencintaiku	谢褞斜谢褞	verbs	1	verb	love
tawa	褋屑械褏	phrases	1	other	laughter
keindahan	泻褉邪褋邪胁懈褑邪	phrases	1	other	beauty
cintaku	谢褞斜谢褞	phrases	1	other	love
indahnya	泻褉邪褋邪胁懈褑邪	phrases	1	other	beauty
pernikahan	褋胁邪写褜斜邪	phrases	1	other	wedding
terbaik	谢褍褔褕懈泄	verbs	1	verb	best
keajaiban	褔褍写芯	phrases	1	other	miracle
tercinta	谢褞斜懈屑邪褟	verbs	1	verb	beloved
ibu	屑邪褌械褉褜褞	family	1	noun	mother
jenius	谐械薪懈泄	phrases	1	other	genius
liburan	锌褉邪蟹写薪懈泻	phrases	1	other	holiday
menyayangi	谢褞斜谢褞	verbs	1	verb	love
libur	锌褉邪蟹写薪懈泻	phrases	1	other	holiday
sehat	蟹写芯褉芯胁	phrases	1	other	healthy
bagus	写芯斜褉褘械	adjectives	1	adj	good
lezat	胁泻褍褋薪芯	phrases	1	other	delicious
gol	谐芯谢	phrases	1	other	goal
pintar	褍屑薪褘泄	phrases	1	other	smart
bidadari	邪薪谐械谢	phrases	1	other	angel
mengagumkan	泻谢邪褋褋薪芯	verbs	1	verb	awesome
sayang	褍胁邪卸邪械屑褘械	phrases	1	other	dear
bangga	谐芯褉卸褍褋褜	phrases	1	other	proud
sayangku	褍胁邪卸邪械屑褘械	phrases	1	other	dear
damai	屑懈褉薪芯谐芯	phrases	1	other	peace
senyuman	褍谢褘斜泻邪	phrases	1	other	smile
senyum	褍谢褘斜泻邪	phrases	1	other	smile
gratis	褋胁芯斜芯写薪芯泄	phrases	1	other	free
menikahinya	卸械薪懈谢褋褟	verbs	1	verb	married
asmara	谢褞斜谢褞	phrases	1	other	love
cintai	谢褞斜谢褞	phrases	1	other	love
keuntungan	锌褉懈斜褘谢褜	phrases	1	other	profit
untung	锌褉懈斜褘谢褜	phrases	1	other	profit
jujur	褔械褋褌薪芯械	phrases	1	other	honest
juara	褔械屑锌懈芯薪	phrases	1	other	champion
lbu	屑邪褌械褉褜褞	family	1	noun	Mother
spesial	芯褋芯斜芯械	phrases	1	other	special
hoki	褏芯泻泻械泄	phrases	1	other	hockey
menikahi	卸械薪懈谢褋褟	verbs	1	verb	married
lucu	褋屑械褕薪芯	phrases	1	other	funny
keluarga	褋械屑褜褟	family	1	noun	family
beruntung	锌芯胁械蟹谢芯	verbs	1	verb	lucky
kesenangan	褍写芯胁芯谢褜褋褌胁懈械	phrases	1	other	pleasure
humor	褕褍褌泻邪	phrases	1	other	joke
syukur	斜谢邪谐芯写邪褉械薪	greetings	1	phrase	thanks
emas	蟹芯谢芯褌芯泄	phrases	1	other	gold
bunda	屑邪褌械褉褜褞	family	1	noun	Mother
pandai	褍屑薪邪褟	phrases	1	other	clever
tercapai	写芯褋褌懈谐	verbs	1	verb	reached
cintamu	谢褞斜谢褞	phrases	1	other	love
terimakasih	褋锌邪褋懈斜芯	greetings	1	phrase	thank you
pahlawan	谐械褉芯泄	phrases	1	other	hero
senyummu	褍谢褘斜泻邪	phrases	1	other	smile
menciummu	锌芯褑械谢芯胁邪褌褜	verbs	1	verb	kiss
kencan	褋胁懈写邪薪懈械	phrases	1	other	date
kemuliaan	褔械褋褌褜	phrases	1	other	honor
kecantikan	泻褉邪褋邪胁懈褑邪	phrases	1	other	beauty
ciuman	锌芯褑械谢芯胁邪褌褜	phrases	1	other	kiss
persahabatan	写褉褍卸斜邪	phrases	1	other	friendship
favorit	谢褞斜懈屑褘泄	phrases	1	other	favorite
bebas	褋胁芯斜芯写薪芯泄	phrases	1	other	free
malaikat	邪薪谐械谢	phrases	1	other	angel
sahabat	写褉褍谐	phrases	1	other	friend
pacar	锌芯写褉褍谐邪	phrases	1	other	girlfriend
keren	泻谢邪褋褋薪褘械	adjectives	1	adj	cool
syukurlah	褋褔邪褋褌褜褞	phrases	1	other	thankfully
indah	锌褉械泻褉邪褋薪褘泄	adjectives	1	adj	beautiful
enak	写芯斜褉褘械	adjectives	1	adj	good
tersenyumlah	褍谢褘斜泻邪	verbs	1	verb	smile
tertinggi	谢褍褔褕懈褏	verbs	1	verb	top
sayangi	褍胁邪卸邪械屑褘械	phrases	1	other	dear
berdoa	屑芯谢懈褌褜褋褟	verbs	1	verb	pray
sahabatku	写褉褍谐	phrases	1	other	friend
suka	谢褞斜谢褞	phrases	1	other	love
impian	屑械褔褌邪	phrases	1	other	dream
baik	写芯斜褉褘械	adjectives	1	adj	good
wisata	褌褍褉	phrases	1	other	tour
kuat	褋懈谢褜薪褘泄	phrases	1	other	strong
memenangkan	锌芯斜械写懈褌褜	verbs	1	verb	win
selamat	锌芯蟹写褉邪胁谢械薪懈褟	phrases	1	other	congratulations
peluk	芯斜薪褟褌褜	phrases	1	other	hug
akrab	蟹薪邪泻芯屑褘泄	phrases	1	other	familiar
mencium	锌芯褑械谢芯胁邪褌褜	verbs	1	verb	kiss
menciumnya	锌芯褑械谢芯胁邪褌褜	verbs	1	verb	kiss
seneng	褋褔邪褋褌谢懈胁邪	adjectives	1	adj	happy
cerah	褟褉泻芯	phrases	1	other	bright
menciumku	锌芯褑械谢芯胁邪褌褜	verbs	1	verb	kiss
merayakan	锌褉邪蟹写薪芯胁邪褌褜	verbs	1	verb	celebrate
semangat	写褍褏邪	phrases	1	other	spirit
kebaikan	写芯斜褉械	phrases	1	other	goodness
amien	邪屑懈薪褜	phrases	1	other	amen
memeluk	芯斜薪褟褌褜	verbs	1	verb	hug
kebebasan	褋胁芯斜芯写邪	phrases	1	other	freedom
manis	屑懈谢邪褟	phrases	1	other	sweet
pelukan	芯斜薪褟褌褜	phrases	1	other	hug
favoritku	谢褞斜懈屑褘泄	phrases	1	other	favorite
bersih	褔懈褋褌褘褏	verbs	1	verb	net
kelahiran	褉芯卸写械薪懈械	phrases	1	other	birth
jalan-jalan	谐褍谢褟褌褜	verbs	1	verb	walk
menyelamatkan	褋锌邪褋褌懈	verbs	1	verb	save
pinter	褍屑薪邪褟	phrases	1	other	clever
gaji	蟹邪褉锌谢邪褌褍	phrases	1	other	salary
kreatif	褌胁芯褉褔械褋泻芯泄	phrases	1	other	creative
hihihi	谢芯谢	phrases	1	other	lol
panen	褍褉芯卸邪泄	phrases	1	other	harvest
kebenaran	懈褋褌懈薪褘	phrases	1	other	truth
isteriku	卸械薪芯泄	family	1	noun	wife
berpesta	锌褉邪蟹写薪芯胁邪褌褜	verbs	1	verb	celebrate
berkat	斜谢邪谐芯写邪褉褟	verbs	1	verb	thanks to
bersantai	褉邪褋褋谢邪斜懈褌褜褋褟	verbs	1	verb	relax
pesta	胁械褔械褉懈薪泻邪	phrases	1	other	party
menolong	锌芯屑芯谐邪褌褜	verbs	1	verb	help
cium	锌芯褑械谢芯胁邪褌褜	phrases	1	other	kiss
suci	褋胁褟褌邪褟	phrases	1	other	holy
gratisan	褋胁芯斜芯写薪芯泄	phrases	1	other	free
milyar	屑懈谢谢懈邪褉写芯胁	phrases	1	other	billion
setuju	褋芯谐谢邪褋薪邪	phrases	1	other	agree
membaik	褍谢褍褔褕械薪懈褟	verbs	1	verb	improve
baik-baik	锌芯褉褟写泻械	phrases	1	other	OK
kasih	谢褞斜谢褞	phrases	1	other	love
asik	泻谢邪褋褋薪褘械	adjectives	1	adj	cool
diskon	褋泻懈写泻邪	verbs	1	verb	discount
kenyang	锌芯谢薪芯械	phrases	1	other	full
imut	屑懈谢褘械	phrases	1	other	cute
harapan	薪邪写械卸写褘	phrases	1	other	hope
becanda	褕褍褌懈褕褜	phrases	1	other	Kidding
kehidupan	卸懈蟹薪褜	phrases	1	other	life
cintanya	谢褞斜谢褞	phrases	1	other	love
jago	褔械屑锌懈芯薪	phrases	1	other	champion
mempercayaimu	写芯胁械褉懈械	verbs	1	verb	trust
bercanda	褕褍褌泻邪	verbs	1	verb	joke
berpacaran	褋胁懈写邪薪懈械	verbs	1	verb	date
peluang	褕邪薪褋	phrases	1	other	chance
kekayaan	斜芯谐邪褌褋褌胁芯	phrases	1	other	wealth
menyukai	薪褉邪胁懈褌褜褋褟	verbs	1	verb	like
amin	邪屑懈薪褜	phrases	1	other	amen
rileks	褉邪褋褋谢邪斜懈褌褜褋褟	phrases	1	other	relax
iman	胁械褉邪	phrases	1	other	faith
canda	褕褍褌泻邪	phrases	1	other	joke
benar	锌褉邪胁写邪	phrases	1	other	true
kemajuan	褍褋锌械褏懈	phrases	1	other	progress
pengantin	薪械胁械褋褌邪	phrases	1	other	bride
berkencan	褋胁懈写邪薪懈械	verbs	1	verb	date
cerdik	褍屑薪邪褟	phrases	1	other	clever
mendukung	锌芯写写械褉卸懈胁邪褞	verbs	1	verb	support
bernyanyi	锌械褌褜	verbs	1	verb	sing
mempercayainya	胁械褉懈褌褜	verbs	1	verb	believe
berjumpa	褍写芯胁谢械褌胁芯褉械薪懈褟	verbs	1	verb	meet
seindah	锌褉械泻褉邪褋薪褘泄	adjectives	1	adj	beautiful
orangtua	褉芯写懈褌械谢懈	phrases	1	other	parents
piala	泻褍斜芯泻	phrases	1	other	cup
fantasi	褎邪薪褌邪褋褌懈泻邪	phrases	1	other	fantasy
cintailah	谢褞斜谢褞	phrases	1	other	love
kesukaanku	谢褞斜懈屑褘泄	phrases	1	other	favorite
hidup	卸懈蟹薪褜	phrases	1	other	life
miliar	屑懈谢谢懈邪褉写芯胁	phrases	1	other	billion
hadiahnya	锌褉懈蟹	phrases	1	other	prize
mempercayai	写芯胁械褉懈械	verbs	1	verb	trust
keluargaku	褋械屑褜褟	family	1	noun	family
kehormatan	褔械褋褌褜	phrases	1	other	honor
teman	写褉褍谐	phrases	1	other	friend
cahaya	褋胁械褌	phrases	1	other	light
memberkati	斜谢邪谐芯褋谢芯胁懈	verbs	1	verb	bless
ayah	芯褌褑邪	family	1	noun	father
bergurau	褕褍褌泻邪	verbs	1	verb	joke
pangeran	锌褉懈薪褑	phrases	1	other	prince
bayi	褉械斜械薪芯泻	phrases	1	other	baby
nyenyak	蟹胁褍泻	phrases	1	other	sound
bakat	褌邪谢邪薪褌	phrases	1	other	talent
musik	屑褍蟹褘泻邪	phrases	1	other	music
kekuatan	锌褉芯褔薪芯褋褌懈	phrases	1	other	strength
berdansa	褌邪薪褑械胁邪褌褜	verbs	1	verb	dance
pemandangan	胁蟹谐谢褟写	phrases	1	other	view
menghormati	褍胁邪卸械薪懈械	verbs	1	verb	respect
menyelamatkannya	褋锌邪褋褌懈	verbs	1	verb	save
meningkat	锌芯胁褘褕械薪懈褟	verbs	1	verb	increase
beres	锌芯褉褟写泻械	verbs	1	verb	OK
menyelamatkanku	褋锌邪褋褌懈	verbs	1	verb	save
baru	薪芯胁褘泄	adjectives	1	adj	new
yesus	懈懈褋褍褋	phrases	1	other	jesus
keselamatan	斜械蟹芯锌邪褋薪芯褋褌褜	phrases	1	other	safety
perkasa	褋懈谢褜薪褘泄	phrases	1	other	strong
menarik	泻褉邪褋懈胁褘械	verbs	1	verb	interesting
bintang	蟹胁械蟹写邪	phrases	1	other	star
permainan	懈谐褉褘	phrases	1	other	game
menangkan	锌芯斜械写懈褌褜	verbs	1	verb	win
tangguh	褋懈谢褜薪褘泄	phrases	1	other	strong
makanan	械写褘	food	1	noun	food
makasih	斜谢邪谐芯写邪褉械薪	greetings	1	phrase	thanks
mudah	谢械谐泻芯	adjectives	1	adj	easy
kawan	写褉褍谐	phrases	1	other	friend
bunga	懈薪褌械褉械褋	phrases	1	other	interest
rekor	褉械泻芯褉写	phrases	1	other	record
mengasihi	谢褞斜谢褞	verbs	1	verb	love
orangtuaku	褉芯写懈褌械谢懈	phrases	1	other	parents
laba	锌褉懈斜褘谢褜	phrases	1	other	profit
terang	褋胁械褌	verbs	1	verb	light
pantai	锌谢褟卸械	places	1	noun	beach
membantuku	锌芯屑芯谐邪褌褜	verbs	1	verb	help
kesempatan	胁芯蟹屑芯卸薪芯褋褌褜	phrases	1	other	opportunity
membebaskan	褋胁芯斜芯写薪芯泄	verbs	1	verb	free
jadian	锌褉懈写褍屑邪谢	phrases	1	other	invented
langsing	锌芯褏褍写械褌褜	phrases	1	other	slim
betul	懈褋锌褉邪胁懈褌褜	phrases	1	other	correct
lelucon	褕褍褌泻邪	phrases	1	other	joke
saudaraku	斜褉邪褌	family	1	noun	brother
pestanya	胁械褔械褉懈薪泻邪	phrases	1	other	party
papa	芯褌褑邪	family	1	noun	father
pengetahuan	蟹薪邪薪懈褟	phrases	1	other	knowledge
cocok	屑邪褌褔	phrases	1	other	match
menghargai	褑械薪褞	verbs	1	verb	appreciate
manfaat	锌芯谢褜蟹褍	phrases	1	other	benefit
parfum	写褍褏懈	phrases	1	other	perfume
beristirahat	芯褌写褘褏邪褌褜	verbs	1	verb	rest
diselamatkan	褋锌邪褋谢懈	verbs	1	verb	saved
dansa	褌邪薪褑械胁邪褌褜	phrases	1	other	dance
kue	褌芯褉褌	phrases	1	other	cake
duit	写械薪械谐	phrases	1	other	money
percaya	胁械褉懈褌褜	phrases	1	other	believe
gadis	写械胁芯褔泻邪	phrases	1	other	girl
enaknya	胁泻褍褋薪芯	phrases	1	other	delicious
menyelamatkanmu	褋锌邪褋褌懈	verbs	1	verb	save
bermain	懈谐褉邪褌褜	verbs	1	verb	play
kerjasama	褋芯褌褉褍写薪懈褔械褋褌胁芯	phrases	1	other	cooperation
terbesar	褋邪屑邪褟	verbs	1	verb	most
bekerjasama	褋芯褌褉褍写薪懈褔械褋褌胁芯	phrases	1	other	cooperation
teman-teman	写褉褍蟹褜褟	phrases	1	other	friends
sabtu	褋褍斜斜芯褌邪	phrases	1	other	Saturday
istirahat	锌械褉械褉褘胁	phrases	1	other	break
sukai	薪褉邪胁懈褌褜褋褟	phrases	1	other	like
kado	锌芯写邪褉芯泻	phrases	1	other	gift
adem	泻谢邪褋褋薪褘械	adjectives	1	adj	cool
tumbuh	褉邪褋褌懈	phrases	1	other	grow
ortu	褉芯写懈褌械谢懈	phrases	1	other	parents
baikan	写芯斜褉械	phrases	1	other	goodness
diizinkan	锌芯蟹胁芯谢懈谢	verbs	1	verb	allowed
ide	懈写械褟	phrases	1	other	idea
menghasilkan	锌褉芯懈蟹胁械褋褌懈	verbs	1	verb	produce
ibumu	屑邪褌械褉褜褞	family	1	noun	mother
istri	卸械薪芯泄	family	1	noun	wife
natalan	褉芯卸写械褋褌胁邪	phrases	1	other	Christmas
trims	斜谢邪谐芯写邪褉械薪	greetings	1	phrase	thanks
jutaan	屑懈谢谢懈芯薪褘	phrases	1	other	millions
menemukannya	薪邪褕褢谢	verbs	1	verb	found
agung	芯褌谢懈褔薪邪褟	phrases	1	other	great
melindungi	蟹邪褖懈褌懈褌褜	verbs	1	verb	protect
yakin	褍胁械褉械薪邪	phrases	1	other	sure
menyanyi	锌械褌褜	verbs	1	verb	sing
temen	写褉褍谐	phrases	1	other	friend
potensi	锌芯褌械薪褑懈邪谢	phrases	1	other	potential
memaafkan	锌褉芯褋褌懈褌褜	verbs	1	verb	forgive
muda	屑芯谢芯写芯泄	phrases	1	other	young
gairah	褋褌褉邪褋褌褜	phrases	1	other	passion
mawar	褉芯蟹邪	phrases	1	other	rose
peduli	蟹邪斜芯褌懈褌褜褋褟	phrases	1	other	care
oke	芯泻械泄	phrases	1	other	okay
oksigen	泻懈褋谢芯褉芯写邪	phrases	1	other	oxygen
eropa	械胁褉芯锌邪	phrases	1	other	europe
perkembangan	褉邪蟹胁懈褌懈褟	phrases	1	other	development
hargai	褑械薪褞	phrases	1	other	appreciate
menyanyikan	锌械褌褜	verbs	1	verb	sing
bersedia	谐芯褌芯胁芯	verbs	1	verb	ready
kualitas	泻邪褔械褋褌胁芯	phrases	1	other	quality
kekuatanmu	锌褉芯褔薪芯褋褌懈	phrases	1	other	strength
gampang	谢械谐泻芯	adjectives	1	adj	easy
natal	褉芯卸写械褋褌胁邪	phrases	1	other	Christmas
keadilan	褋锌褉邪胁械写谢懈胁芯褋褌懈	phrases	1	other	justice
pertunjukan	褕芯褍	phrases	1	other	show
berdua	芯斜邪	verbs	1	verb	both
pengertian	锌芯薪懈屑邪薪懈械	phrases	1	other	understanding
paham	锌芯薪懈屑邪褞褌	phrases	1	other	understand
jelas	褟褋薪芯	phrases	1	other	clear
uang	写械薪械谐	phrases	1	other	money
sepakat	褋芯谐谢邪褋懈谢褋褟	phrases	1	other	agreed
hati	褋械褉写褑械屑	phrases	1	other	heart
internasional	屑械卸写褍薪邪褉芯写薪褘泄	phrases	1	other	international
mengajakku	锌褉懈谐谢邪褋懈谢懈	verbs	1	verb	invited
bermimpi	屑械褔褌邪	verbs	1	verb	dream
bisa	褍写邪械褌褋褟	phrases	1	other	can
melindungimu	蟹邪褖懈褌懈褌褜	verbs	1	verb	protect
sejuta	屑懈谢谢懈芯薪	phrases	1	other	million
sejati	锌褉邪胁写邪	phrases	1	other	true
sobat	写褉褍谐	phrases	1	other	friend
tarian	褌邪薪褑械胁邪褌褜	phrases	1	other	dance
perempuanku	褋械褋褌褉邪	family	1	noun	sister
komputer	泻芯屑锌褜褞褌械褉	phrases	1	other	computer
menari	褌邪薪褑械胁邪褌褜	verbs	1	verb	dance
pemimpin	谢懈写械褉	phrases	1	other	leader
kesehatan	蟹写芯褉芯胁褜械	phrases	1	other	health
aktif	邪泻褌懈胁薪褘褏	phrases	1	other	active
bantuan	锌芯屑芯谐邪褌褜	verbs	1	verb	help
mengampuni	锌褉芯褋褌懈褌褜	verbs	1	verb	forgive
tenang	褋锌芯泻芯泄褋褌胁懈械	phrases	1	other	calm
berenang	锌谢邪胁邪褌褜	verbs	1	verb	swim
terlahir	褉芯写懈谢褋褟	verbs	1	verb	born
rumah	褉芯写薪芯泄	places	1	noun	home
cincin	泻芯谢褜褑芯	phrases	1	other	ring
karya	褋褉邪斜芯褌邪械褌	verbs	1	verb	work
energi	褝薪械褉谐懈懈	phrases	1	other	energy
direktur	褉械卸懈褋褋械褉	verbs	1	verb	director
diperbolehkan	锌芯蟹胁芯谢懈谢	verbs	1	verb	allowed
menenangkan	褋锌芯泻芯泄褋褌胁懈械	verbs	1	verb	calm
bersulang	褌芯褋褌	verbs	1	verb	toast
kebenarannya	懈褋褌懈薪褘	phrases	1	other	truth
keluargamu	褋械屑褜褟	family	1	noun	family
ratu	泻芯褉芯谢械胁邪	phrases	1	other	queen
doakan	屑芯谢懈褌褜褋褟	phrases	1	other	pray
mencapai	写芯斜懈褌褜褋褟	verbs	1	verb	achieve
mengerti	锌芯薪懈屑邪褞褌	verbs	1	verb	understand
putri	写芯褔泻邪	family	1	noun	daughter
jumpa	褍写芯胁谢械褌胁芯褉械薪懈褟	phrases	1	other	meet
membantumu	锌芯屑芯谐邪褌褜	verbs	1	verb	help
orangtuamu	褉芯写懈褌械谢懈	phrases	1	other	parents
berusaha	锌芯褋褌邪褉邪褞褋褜	verbs	1	verb	try
pasangannya	锌邪褉褌薪械褉	phrases	1	other	partner
kenaikan	锌芯胁褘褕械薪懈褟	phrases	1	other	increase
dilahirkan	褉芯写懈谢褋褟	verbs	1	verb	born
perempuan	写械胁褍褕泻褍	phrases	1	other	woman
menolongnya	锌芯屑芯谐邪褌褜	verbs	1	verb	help
berkomunikasi	芯斜褖邪褌褜褋褟	verbs	1	verb	communicate
menemuimu	锌芯蟹邪斜芯褌懈褌褜褋褟	verbs	1	verb	see
berharap	薪邪写械卸写褘	verbs	1	verb	hope
teknologi	褌械褏薪芯谢芯谐懈懈	phrases	1	other	technology
isteri	卸械薪芯泄	family	1	noun	wife
juta	屑懈谢谢懈芯薪	phrases	1	other	million
tepat	锌褉邪胁懈谢褜薪芯	phrases	1	other	right
hidangan	斜谢褞写芯	phrases	1	other	dish
susu	屑芯谢芯泻芯	food	1	noun	milk
asli	芯褉懈谐懈薪邪谢	phrases	1	other	original
ilmu	薪邪褍泻邪	phrases	1	other	science
melindunginya	蟹邪褖懈褌懈褌褜	verbs	1	verb	protect
ayu	锌褉械泻褉邪褋薪褘泄	adjectives	1	adj	beautiful
tunai	写械薪械卸薪褘褏	phrases	1	other	cash
mimpiku	屑械褔褌邪	phrases	1	other	dream
menginginkanmu	褏芯褔械褌	verbs	1	verb	wants
terbanyak	褋邪屑邪褟	verbs	1	verb	most
matahari	褋芯谢薪褘褕泻芯	phrases	1	other	sun
puncak	谢褍褔褕懈褏	phrases	1	other	top
tari	褌邪薪褑械胁邪褌褜	phrases	1	other	dance
kemanusiaan	褔械谢芯胁械褔械褋褌胁芯	phrases	1	other	humanity
pertolongan	锌芯屑芯谐邪褌褜	verbs	1	verb	help
ringan	褋胁械褌	phrases	1	other	light
makan	泻褍褕邪泄褌械	verbs	1	verb	eat
penampilan	锌芯褟胁谢械薪懈械	phrases	1	other	appearance
pemulihan	胁芯褋褋褌邪薪芯胁谢械薪懈械	phrases	1	other	recovery
kelar	蟹邪泻芯薪褔懈谢	phrases	1	other	finished
bangkit	锌芯写薪褟褌褜褋褟	phrases	1	other	rise
hamil	斜械褉械屑械薪薪邪	phrases	1	other	pregnant
universitas	褍薪懈胁械褉褋懈褌械褌	phrases	1	other	university
sarapan	蟹邪胁褌褉邪泻	phrases	1	other	breakfast
kakek	写械写褍褕泻邪	phrases	1	other	grandfather
kudus	褋胁褟褌邪褟	phrases	1	other	holy
membantu	锌芯屑芯谐邪褌褜	verbs	1	verb	help
raja	泻芯褉芯谢褜	phrases	1	other	king
ketemuan	褍写芯胁谢械褌胁芯褉械薪懈褟	phrases	1	other	meet
banyak	屑薪芯卸械褋褌胁芯	phrases	1	other	many
keinginan	卸械谢邪薪懈械	phrases	1	other	desire
memasak	谐芯褌芯胁懈褌褜	verbs	1	verb	cook
maju	锌械褉械写芯胁褘褏	phrases	1	other	advanced
bertemu	褍写芯胁谢械褌胁芯褉械薪懈褟	verbs	1	verb	meet
terbit	锌芯写薪褟褌褜褋褟	verbs	1	verb	rise
kristus	褏褉懈褋褌邪	phrases	1	other	Christ
wanita	写械胁褍褕泻褍	phrases	1	other	woman
memberi	写邪褉懈褌褜	verbs	1	verb	give
kejuaraan	褔械屑锌懈芯薪邪褌	phrases	1	other	championship
alam	锌褉懈褉芯写邪	phrases	1	other	nature
minat	懈薪褌械褉械褋	phrases	1	other	interest
anak-anak	写械褌懈	phrases	1	other	children
nonton	褋屑芯褌褉懈屑	phrases	1	other	watch
sirkus	褑懈褉泻	phrases	1	other	circus
pendidikan	芯斜褉邪蟹芯胁邪薪懈械	phrases	1	other	education
lagu	锌械褋薪褟	phrases	1	other	song
seni	懈褋泻褍褋褋褌胁芯	phrases	1	other	art
ayo	蟹邪褏芯写懈	phrases	1	other	come on
menemukan	薪邪泄写褢屑	verbs	1	verb	find
menghemat	褋锌邪褋褌懈	verbs	1	verb	save
keseimbangan	褉邪胁薪芯胁械褋懈褟	phrases	1	other	balance
taman	锌邪褉泻	phrases	1	other	park
mengundang	锌褉懈谐谢邪褋懈褌褜	verbs	1	verb	invite
dewasa	胁蟹褉芯褋谢褘泄	phrases	1	other	adult
halo	蟹写褉邪胁褋褌胁褍泄	greetings	1	phrase	hello
gelar	蟹胁邪薪懈械	phrases	1	other	title
dukung	锌芯写写械褉卸懈胁邪褞	phrases	1	other	support
menyambut	锌芯卸邪谢芯胁邪褌褜	greetings	1	phrase	welcome
kembang	褑胁械褌芯泻	phrases	1	other	flower
melahirkan	屑械写胁械写褜	verbs	1	verb	bear
bersaudara	斜褉邪褌褜褟	verbs	1	verb	brothers
kesepakatan	写芯谐芯胁芯褉懈谢懈褋褜	phrases	1	other	deal
lukisan	卸懈胁芯锌懈褋懈	phrases	1	other	painting
mengajariku	薪邪褍褔懈谢	verbs	1	verb	taught
mengijinkan	锌芯蟹胁芯谢褟褞褌	verbs	1	verb	allow
pagi	褍褌褉芯	time	1	noun	morning
percayai	写芯胁械褉懈械	phrases	1	other	trust
terbuka	芯褌泻褉褘褌芯	verbs	1	verb	open
raih	写芯褋褌懈谐邪械褌褋褟	phrases	1	other	achieved
puteri	写芯褔泻邪	family	1	noun	daughter
terbang	谢械褌邪褌褜	verbs	1	verb	fly
boleh	屑邪泄	phrases	1	other	may
anak	写懈褌褟	family	1	noun	child
mendapat	懈屑械械屑	verbs	1	verb	have
seniman	褏褍写芯卸薪懈泻	phrases	1	other	artist
hatimu	褋械褉写褑械屑	phrases	1	other	heart
hai	锌褉懈胁械褌	greetings	1	phrase	hi
istirahatlah	芯褌写褘褏邪褌褜	phrases	1	other	rest
putrinya	写芯褔泻邪	family	1	noun	daughter
bernapas	写褘褕懈褌	verbs	1	verb	breathing
kehidupanku	卸懈蟹薪褜	phrases	1	other	life
mengajakmu	锌褉懈薪懈屑邪褞褌	verbs	1	verb	take
baiklah	锌芯褉褟写泻械	phrases	1	other	OK
putrimu	写芯褔泻邪	family	1	noun	daughter
mendengarkanku	褋谢褍褕邪褌褜	verbs	1	verb	listen
mimpi	屑械褔褌邪	phrases	1	other	dream
meningkatkan	锌芯胁褘褕械薪懈褟	verbs	1	verb	increase
membangun	锌芯褋褌褉芯懈褌褜	verbs	1	verb	build
kebun	褋邪写	phrases	1	other	garden
mampu	褋锌芯褋芯斜械薪	phrases	1	other	capable
cewek	写械胁芯褔泻邪	phrases	1	other	girl
salju	褋薪械谐	phrases	1	other	snow
bantuanmu	锌芯屑芯谐邪褌褜	verbs	1	verb	help
siap	谐芯褌芯胁芯	phrases	1	other	ready
ditambah	锌谢褞褋	verbs	1	verb	plus
tinggi	胁褘褋芯泻邪褟	phrases	1	other	high
saudara	斜褉邪褌	family	1	noun	brother
keluarganya	褋械屑褜褟	family	1	noun	family
spesialis	褋锌械褑懈邪谢懈褋褌	phrases	1	other	specialist
bantu	锌芯屑芯谐邪褌褜	verbs	1	verb	help
mandi	胁邪薪薪褍	phrases	1	other	bath
besar	斜芯谢褜褕芯泄	phrases	1	other	large
emak	屑邪	phrases	1	other	Ma
main	懈谐褉邪褌褜	verbs	1	verb	play
sanggup	褍屑械褞褌	phrases	1	other	able
surya	褋芯谢薪褘褕泻芯	phrases	1	other	sun
berbelanja	屑邪谐邪蟹懈薪邪	places	1	noun	shop
putih	斜械谢芯谐芯	phrases	1	other	white
membeli	泻褍锌懈褌褜	verbs	1	verb	buy
sejujurnya	褔械褋褌薪芯	phrases	1	other	honestly
apel	褟斜谢芯泻芯	phrases	1	other	apple
memahami	锌芯薪懈屑邪褞褌	verbs	1	verb	understand
konser	泻芯薪褑械褉褌	phrases	1	other	concert
modal	褋褌芯谢懈褑褘	phrases	1	other	capital
cewe	写械胁芯褔泻邪	phrases	1	other	girl
bapak	芯褌褑邪	family	1	noun	father
kunjungan	薪邪胁械褋褌懈褌褜	phrases	1	other	visit
langit	薪械斜芯	phrases	1	other	sky
menjanjikan	芯斜械褖邪褞	verbs	1	verb	promise
bernafas	写褘褕邪褌褜	verbs	1	verb	breathe
anggur	胁懈薪芯	phrases	1	other	wine
wajahmu	谢懈褑芯	phrases	1	other	face
membantunya	锌芯屑芯谐邪褌褜	verbs	1	verb	help
jumat	锌褟褌薪懈褑邪	phrases	1	other	Friday
menerima	锌芯谢褍褔邪褌褜	verbs	1	verb	receive
pengalaman	芯锌褘褌	phrases	1	other	experience
bertambah	锌芯胁褘褕械薪懈褟	verbs	1	verb	increase
perbaikan	褋芯胁械褉褕械薪褋褌胁芯胁邪薪懈械	phrases	1	other	improvement
ngopi	泻芯褎械	food	1	noun	coffee
utama	谐谢邪胁薪芯泄	phrases	1	other	main
kakakmu	斜褉邪褌	family	1	noun	brother
memperoleh	锌芯谢褍褔懈屑	verbs	1	verb	obtain
guru	褍褔懈褌械谢褜	phrases	1	other	teacher
bayinya	褉械斜械薪芯泻	phrases	1	other	baby
lahir	褉芯写懈谢褋褟	phrases	1	other	born
italia	懈褌邪谢懈懈	phrases	1	other	Italy
dekat	斜谢懈蟹泻懈械	verbs	1	verb	close
membayarku	锌谢邪褌褟褌	verbs	1	verb	pay
restoran	褉械褋褌芯褉邪薪	places	1	noun	restaurant
menghubungimu	锌芯蟹胁芯薪懈	verbs	1	verb	call
memperbaikinya	锌芯褔懈薪懈褌褜	verbs	1	verb	fix
mengajarkan	薪邪褍褔懈褌褜	verbs	1	verb	teach
penyanyi	锌械胁懈褑邪	phrases	1	other	singer
penting	胁邪卸薪褘泄	phrases	1	other	important
